"","Environment","Freshwater","Freshwater","Marine","Marine"
"1","Metric","Food Dilution (Default)","Tissue Translocation (Default)","Food Dilution (Default)","Tissue Translocation (Default)"
"2","Tier1","0.59200 (0.307000 to 0.95700)","341.00000 (220.000000 to 389.00000)","0.00001 (0.000003 to 0.00004)","1.15000 (0.762000 to 1.16000)"
"3","Tier2","3.27000 (1.610000 to 5.36000)","1,240.00000 (887.000000 to 1,380.00000)","0.00031 (0.000071 to 0.00102)","13.10000 (7.830000 to 15.00000)"
"4","Tier3","95.90000 (19.200000 to 260.00000)","5,560.00000 (3,760.000000 to 7,840.00000)","0.06820 (0.011300 to 0.25100)","644.00000 (442.000000 to 753.00000)"
"5","Tier4","230.00000 (60.200000 to 579.00000)","12,700.00000 (8,670.000000 to 17,400.00000)","0.38200 (0.072900 to 1.39000)","3,010.00000 (2,410.000000 to 3,310.00000)"
