"","Tier","Food Dilution (Freshwater)","Tissue Translocation (Freshwater)","Food Dilution (Marine)","Tissue Translocation (Marine)"
"1","Tier1","6 (0.2 to 30)","278 (188.0 to 344)","0.0000 (0.00000 to 0.0000)","0.1570 (0.05010 to 0.2110)"
"2","Tier2","40 (4.0 to 174)","1,700 (1,200.0 to 2,050)","0.0034 (0.00056 to 0.0075)","15.7000 (10.30000 to 17.8000)"
"3","Tier3","469 (123.0 to 1,160)","5,920 (4,060.0 to 9,650)","0.5210 (0.10900 to 1.8000)","809.0000 (579.00000 to 3,990.0000)"
"4","Tier4","1,030 (321.0 to 2,820)","14,700 (9,780.0 to 22,400)","2.6200 (0.61200 to 8.5500)","3,750.0000 (3,110.00000 to 15,700.0000)"
