"","Tier","Food Dilution (Freshwater)","Tissue Translocation (Freshwater)","Food Dilution (Marine)","Tissue Translocation (Marine)"
"1","Tier1","8 (0.6 to 54)","453 (274.0 to 610)","0.0001 (0.00001 to 0.002)","1.3200 (0.94700 to 1.500)"
"2","Tier2","34 (3.5 to 200)","1,630 (1,070.0 to 2,170)","0.0042 (0.00031 to 0.056)","16.9000 (9.75000 to 19.200)"
"3","Tier3","432 (74.6 to 1,340)","6,890 (4,110.0 to 10,600)","0.6920 (0.05440 to 8.980)","883.0000 (589.00000 to 1,010.000)"
"4","Tier4","1,020 (188.0 to 3,310)","16,600 (9,920.0 to 24,900)","3.6600 (0.31700 to 43.400)","4,110.0000 (3,260.00000 to 4,630.000)"
