"","Tier","Food Dilution (Freshwater)","Tissue Translocation (Freshwater)","Food Dilution (Marine)","Tissue Translocation (Marine)"
"1","Tier1","5 (0.5 to 32)","261 (154.0 to 399)","0.0002 (0.00001 to 0.002)","0.1490 (0.06700 to 0.396)"
"2","Tier2","30 (3.3 to 161)","1,020 (632.0 to 1,400)","0.0042 (0.00038 to 0.035)","4.3700 (1.79000 to 12.100)"
"3","Tier3","390 (94.6 to 1,130)","4,190 (2,660.0 to 5,860)","0.6090 (0.06920 to 4.200)","451.0000 (157.00000 to 1,160.000)"
"4","Tier4","878 (213.0 to 2,690)","8,430 (5,210.0 to 12,100)","3.1700 (0.38600 to 20.300)","1,540.0000 (638.00000 to 3,790.000)"
