"","Environment","Freshwater","Freshwater","Marine","Marine"
"1","Metric","Food Dilution (Default)","Tissue Translocation (Default)","Food Dilution (Default)","Tissue Translocation (Default)"
"2","Tier1","18.000 (1.04000 to 68.800)","448.000 (232.00000 to 606.000)","0.000 (0.00001 to 0.002)","1.270 (0.87400 to 1.510)"
"3","Tier2","68.700 (4.16000 to 248.000)","1,610.000 (1,060.00000 to 2,110.000)","0.014 (0.00022 to 0.078)","15.700 (9.46000 to 19.100)"
"4","Tier3","610.000 (41.30000 to 1,550.000)","6,480.000 (3,950.00000 to 10,100.000)","2.050 (0.04720 to 8.500)","830.000 (575.00000 to 1,030.000)"
"5","Tier4","1,450.000 (87.30000 to 3,750.000)","15,600.000 (9,890.00000 to 24,100.000)","9.560 (0.29000 to 36.400)","4,070.000 (3,110.00000 to 4,560.000)"
